delta,theta,alpha,beta,gamma,EEGI2,heart rat2,PEI2,AI2,NA2,ELI2,BP2,CNSA2,LFHFR2,DS2,SYN2,VI2,ARI2,AGR2,Label
121.043255,3.802100625,4.669079466,3.674526692,1.677115479,0.814314824,0.78699168,0.966446461,31.83588941,0.038573644,1.034718467,1.270661464,0.433767982,26.73875152,1.228026274,14.96299721,0.814314824,2.305379931,2.783994022,0
15.43822464,4.78624059,4.978263464,3.344464721,1.690392166,0.96142774,0.671813524,0.698766528,3.22554296,0.322463468,1.431093161,1.48850829,0.342512503,4.062554217,1.04011977,2.430028325,0.96142774,2.919601451,2.945034629,0
17.51467186,8.213929512,13.3813209,4.279073236,1.764056525,0.613835478,0.319779584,0.520953245,2.132313387,0.764006372,1.919558058,3.12715398,0.198148813,1.922725086,1.629101014,1.456853181,0.613835478,5.046712038,7.585539755,0
33.45906629,6.369430324,10.04003874,3.824680644,1.573946207,0.634402963,0.380942817,0.600474524,5.253070461,0.300069304,1.665349585,2.6250659,0.23307766,3.966966428,1.576285198,2.872650756,0.634402963,4.290415485,6.378895728,0
51.51372089,7.356113891,6.717445177,5.547323447,3.896259898,1.095076133,0.825808518,0.754110598,7.00284439,0.130401087,1.326065437,1.21093447,0.394166353,8.76372389,0.913178517,4.799914013,1.095076133,2.536999907,1.724075229,0
48.5662166,5.579281078,5.090033196,4.242069902,2.558857319,1.0961188,0.833407119,0.760325541,8.704744558,0.104806047,1.315226106,1.199893758,0.397595365,10.63755296,0.91230987,5.802068099,1.0961188,2.515119864,1.989182108,0
42.52476933,5.66552649,5.864904396,4.008932235,2.479697117,0.966004918,0.68354605,0.707601004,7.505881299,0.137917371,1.413225806,1.462959225,0.347682777,8.216723166,1.035191417,4.880604938,0.966004918,2.876185031,2.365169664,0
43.25429104,5.499306315,5.593635744,4.667039049,3.069893052,0.983136294,0.834348045,0.848659591,7.865408575,0.129319788,1.178328755,1.198540592,0.420721484,8.715904931,1.017152969,4.751500105,0.983136294,2.376869347,1.822094662,0
40.86204599,6.832750343,6.585776601,5.96452931,4.677468096,1.037501081,0.905668332,0.872932423,5.980321823,0.161170995,1.145564048,1.104156968,0.444499559,7.242091438,0.963854417,3.800289544,1.037501081,2.249721017,1.407978946,0
13.4099796,3.843648484,4.699263012,3.354194572,1.58788231,0.817925805,0.713770343,0.872659034,3.488867324,0.350430288,1.145922934,1.401010857,0.392628974,3.671560421,1.222604781,2.142387652,0.817925805,2.546933791,2.959452966,1
20.87853561,6.318730502,8.741543132,3.766223506,1.791151378,0.722839252,0.430841952,0.596041168,3.304229481,0.418685644,1.677736462,2.321036741,0.250076698,3.11126602,1.383433449,2.174430248,0.722839252,3.998773203,4.880404437,1
13.48460967,7.905105796,12.60444391,4.361589175,1.663555697,0.627168152,0.346035827,0.551743302,1.705810146,0.934728125,1.812437045,2.889874173,0.212661381,1.696997949,1.594468719,1.260737579,0.627168152,4.702311219,7.576809082,1
128.04212,4.247338892,4.280509793,3.951739176,2.271790399,0.992250712,0.923193584,0.930403548,30.14643362,0.033430482,1.074802436,1.083196436,0.463392272,30.90507095,1.007809808,16.06966205,0.992250712,2.157998872,1.884201023,0
14.1860892,5.116063293,4.593061014,4.086972761,2.451689761,1.113867915,0.889814603,0.798851094,2.77285256,0.323772179,1.251797747,1.123829612,0.420941439,4.202459414,0.897772516,2.223741635,1.113867915,2.375627359,1.873426682,0
27.33061843,7.008733897,8.929663172,4.017771863,1.893353325,0.784882225,0.449935433,0.573252163,3.899508646,0.326727447,1.744433018,2.222541119,0.252081301,3.845537247,1.274076503,2.652212754,0.784882225,3.966974137,4.716321593,0
21.58845373,6.835396734,8.713050318,3.9566016,1.9331288,0.784501005,0.454100626,0.578840081,3.158332218,0.403597702,1.727592875,2.202155081,0.254469246,3.262215805,1.274695626,2.243459461,0.784501005,3.929747956,4.507226998,0
77.20315837,14.0582244,7.508551162,5.465853306,3.51012062,1.872295213,0.727950465,0.388801114,5.491672075,0.097257046,2.572009092,1.373719846,0.253438595,12.15432655,0.534103806,7.03395543,1.872295213,3.945728938,2.139114855,0
80.0579378,11.60562874,5.269164682,4.370787713,2.67160398,2.202555706,0.829502962,0.3766093,6.898199109,0.065816892,2.655271658,1.205541204,0.259012813,17.39622351,0.454018029,9.508715685,2.202555706,3.860812861,1.972285085,0
48.24526189,12.41031675,6.23608102,4.866730036,2.822959036,1.990082668,0.780414818,0.39215196,3.887512531,0.129257896,2.550031882,1.281369826,0.261001084,9.726553975,0.502491689,5.463083028,1.990082668,3.831401708,2.209058276,0
70.1708569,15.82200609,7.068091061,5.313038514,3.193584634,2.23851192,0.751693557,0.335800561,4.435016426,0.100726874,2.977958102,1.330329348,0.232110789,12.16634905,0.446725341,6.945477993,2.23851192,4.30828745,2.213215515,0
39.39804358,7.523605291,4.740361829,4.472628031,2.802421723,1.587137346,0.943520388,0.594479356,5.236590977,0.120319727,1.682144198,1.059860511,0.364696675,9.898326451,0.630065194,5.092988225,1.587137346,2.742004708,1.691523367,0
18.83969081,4.005928511,4.389237059,3.822201631,2.306148091,0.912670803,0.870812303,0.954136256,4.702952326,0.23297819,1.048068338,1.148353091,0.455286033,5.204918079,1.095685319,2.782170115,0.912670803,2.19642143,1.903276323,1
26.89410671,5.765638986,5.409254863,4.117411348,2.474103831,1.065884143,0.761179026,0.714129233,4.664549199,0.201131606,1.40030677,1.313751385,0.368451943,6.03775317,0.93818827,3.428244988,1.065884143,2.714058155,2.186349172,1
18.77958174,7.278963671,8.540250594,3.932640858,1.887385298,0.852312657,0.460483075,0.54027483,2.579980143,0.454762556,1.850909842,2.171632473,0.248599001,3.051262386,1.173278365,2.089214478,0.852312657,4.022542316,4.524911052,1
26.58100846,3.91464772,3.965351394,4.452187674,2.871653212,0.987213321,1.122772544,1.137315026,6.790140611,0.14917987,0.87926386,0.890652345,0.564998499,7.690530586,1.012952295,3.622870762,0.987213321,1.769916205,1.380860118,0
96.00620653,6.182194328,4.528959748,4.587224553,2.79092066,1.365036271,1.012864942,0.742005882,15.52947084,0.047173614,1.347698212,0.987298462,0.428266135,22.56332724,0.732581266,11.20955846,1.365036271,2.334996674,1.622747581,0
70.22997985,5.955701207,9.181530619,4.30809743,2.48630543,0.648661041,0.469213425,0.723356878,11.79205897,0.130735202,1.382443481,2.131226317,0.284602725,8.297710286,1.541637214,5.647722886,0.648661041,3.513669798,3.692840995,0
85.7095659,11.0559613,8.181050231,5.744710847,4.148948259,1.351411003,0.702197234,0.519603017,7.752339536,0.095450842,1.924546177,1.424101308,0.29862803,11.82800795,0.739967336,6.948670644,1.351411003,3.348647485,1.971837131,0
120.128071,13.00554906,5.50703711,4.213480504,2.848851968,2.361623647,0.765108428,0.323975596,9.236678161,0.04584305,3.086652247,1.307004294,0.227600858,24.17518121,0.423437494,13.69614514,2.361623647,4.39365654,1.9330724,0
197.9582646,13.75131257,9.104421889,6.549394619,3.646912801,1.510399313,0.71936414,0.476274144,14.3955905,0.045991623,2.099631091,1.390116556,0.286553671,23.25348932,0.662076572,13.52447035,1.510399313,3.489747646,2.496473698,0
78.64626142,11.62354222,7.356580785,4.868618269,3.234868678,1.580019653,0.6618045,0.418858398,6.766118273,0.093540121,2.387441688,1.511020248,0.256511418,12.2706195,0.63290352,7.383912788,1.580019653,3.898461937,2.274151293,0
32.39758053,5.57829018,3.980326256,3.626932379,2.120040658,1.401465564,0.911214847,0.650187111,5.807797638,0.12285875,1.538018799,1.097436026,0.379441146,9.540893955,0.71353876,4.992057262,1.401465564,2.635454825,1.877476378,0
55.75343863,9.671954947,4.754965243,3.845618934,2.410851808,2.034074794,0.808758579,0.397605133,5.764443584,0.085285596,2.515058073,1.236462927,0.266558551,13.75938419,0.491624007,7.607087174,2.034074794,3.751521,1.972317513,0
27.2876773,4.490503161,3.386758758,4.42111955,2.963666317,1.325899918,1.305413189,0.984548811,6.07675272,0.12411312,1.015693674,0.766040981,0.561250799,9.383065854,0.754204738,4.070014824,1.325899918,1.781734656,1.14275981,1
107.0867952,5.72464033,5.512492537,4.580028941,2.799000483,1.038484912,0.830845377,0.800055318,18.70629227,0.051476865,1.249913571,1.203593385,0.407579851,20.46468721,0.962941289,11.17772558,1.038484912,2.453506956,1.96945037,1
63.76838829,6.653008147,8.143281408,3.97919748,2.655217762,0.816993521,0.488647915,0.598105006,9.584895566,0.127700913,1.671947215,2.04646325,0.268932117,8.647791094,1.223999915,5.809158101,0.816993521,3.718410465,3.066897761,1
2765.4,607.2139,213.3684,196.4309,140.23,2.8458,0.9206,0.3235,4.5542,0.0772,3.0912,1.0862,0.2394,15.8065,0.3514,8.2299,2.8458,4.1775,1.5216,0
2775.9,607.1049,213.2942,196.3123,140.1985,2.8463,0.9204,0.3234,4.5724,0.0768,3.0925,1.0865,0.2393,15.8608,0.3513,8.2592,2.8463,4.1791,1.5214,0
2775.7,606.9468,213.2647,196.2897,140.2013,2.846,0.9204,0.3234,4.5732,0.0768,3.0921,1.0865,0.2393,15.8613,0.3514,8.2593,2.846,4.1786,1.5211,0
2775,606.438,213.1254,196.2518,140.2166,2.8455,0.9208,0.3236,4.5758,0.0768,3.0901,1.086,0.2395,15.8657,0.3514,8.2598,2.8455,4.1761,1.52,0
2775.7,606.7294,213.2034,196.2337,140.1341,2.8458,0.9204,0.3234,4.5748,0.0768,3.0919,1.0865,0.2393,15.8646,0.3514,8.2611,2.8458,4.1783,1.5214,0
2770.6,606.584,212.7982,196.0056,140.2229,2.8505,0.9211,0.3231,4.5676,0.0768,3.0947,1.0857,0.2392,15.8705,0.3508,8.2612,2.8505,4.1804,1.5176,0
2774.8,606.6341,213.03,196.1343,140.1647,2.8476,0.9207,0.3233,4.5741,0.0768,3.093,1.0861,0.2393,15.873,0.3512,8.2642,2.8476,4.1791,1.5199,0
2767.7,605.772,212.8654,195.9797,139.8451,2.8458,0.9207,0.3235,4.5688,0.0769,3.091,1.0862,0.2394,15.8478,0.3514,8.2512,2.8458,4.1772,1.5222,0
2777,606.8151,213.1845,196.3397,140.1579,2.8464,0.921,0.3236,4.5763,0.0768,3.0906,1.0858,0.2394,15.8726,0.3513,8.2627,2.8464,4.1764,1.521,0
2645.5,705.3159,260.6106,226.0633,266.1544,2.7064,0.8674,0.3205,3.7508,0.0985,3.12,1.1528,0.234,12.8576,0.3695,6.8851,2.7064,4.2728,0.9792,1
2643.5,705.15,260.497,225.9626,266.578,2.7069,0.8674,0.3204,3.7489,0.0985,3.1206,1.1528,0.234,12.8549,0.3694,6.8837,2.7069,4.2735,0.9772,1
2644.2,704.8905,260.4605,225.956,266.0992,2.7063,0.8675,0.3206,3.7512,0.0985,3.1196,1.1527,0.2341,12.8582,0.3695,6.8852,2.7063,4.2723,0.9788,1
90.36935233,6.682170845,5.011245876,4.316671939,1.889009572,1.33343504,0.861396955,0.64599844,13.52395119,0.055452936,1.547991355,1.160904963,0.369154033,19.36674543,0.749942794,10.40441448,1.33343504,2.708896318,2.652843029,0
16.69974454,3.975111974,5.164673387,4.625687764,1.730153372,0.769673448,0.89563994,1.163662255,4.201075253,0.30926661,0.859355879,1.116520105,0.506104638,4.003129524,1.299252303,2.111756267,0.769673448,1.975875983,2.985095698,0
12.50740074,5.547795683,8.303742358,5.910605573,1.884794451,0.668107878,0.711800212,1.065397125,2.25448114,0.663906317,0.938617137,1.404888595,0.426711139,2.174344487,1.49676427,1.270209264,0.668107878,2.343505732,4.405648772,0
16.59937473,5.743767665,7.470944671,5.54816691,1.75689809,0.768814108,0.742632579,0.965945566,2.889980183,0.450073861,1.035255023,1.346560908,0.419847725,2.990671645,1.300704539,1.716180267,0.768814108,2.381815931,4.252349476,0
22.11146882,5.848684426,4.732022132,4.631171729,2.322254488,1.235979939,0.978687673,0.791831358,3.780588455,0.214007589,1.262895174,1.021776433,0.437699666,5.908711427,0.80907462,2.986176903,1.235979939,2.284671607,2.037684567,0
29.04179594,6.676321706,4.936111595,3.710025772,1.577844176,1.352546752,0.751608974,0.555699071,4.349969522,0.169965783,1.799535129,1.330479058,0.31948737,7.2360839,0.739345977,4.131106889,1.352546752,3.130014187,3.128389781,0
66.74387092,6.551676111,4.950423737,3.750347901,1.892476669,1.323457639,0.757581189,0.572425718,10.18729708,0.074170462,1.746951559,1.319990536,0.326057672,14.80591378,0.75559653,8.42402836,1.323457639,3.066942095,2.615843999,0
247.6165505,7.830197658,7.693209125,4.908202503,2.259705393,1.017806423,0.637991562,0.626829962,31.62328223,0.031069042,1.595328973,1.567418851,0.316180757,33.20418618,0.982505099,20.27128037,1.017806423,3.162747824,3.404518637,0
22.40379345,6.293397369,4.619705253,4.344091529,1.641914017,1.362294134,0.940339544,0.690261758,3.559888585,0.206201921,1.448725775,1.063445653,0.398062007,6.211909473,0.734055866,3.201454866,1.362294134,2.512171428,2.813609728,0
284.7566733,12.39149638,7.2172051,4.905865477,2.150625012,1.716938373,0.679745886,0.395905815,22.98000698,0.025345166,2.525853275,1.471137995,0.250188187,41.17219416,0.582432087,24.51096591,1.716938373,3.99699127,3.355864021,1
12.753852,3.7335569,4.743835054,4.263063122,1.605934261,0.787033456,0.89865332,1.141823531,3.416005795,0.371953121,0.875792076,1.11277617,0.502874368,3.475544304,1.270594016,1.830531286,0.787033456,1.988568246,2.953940999,1
16.35920693,4.696304559,8.572882425,5.761972858,1.979114986,0.547809281,0.672116165,1.226916352,3.483421213,0.524040222,0.815051489,1.487838044,0.434237069,2.456059752,1.825452825,1.468833209,0.547809281,2.302889533,4.331674756,1
22.45806678,2.708953458,4.37606589,3.243359175,1.799010808,0.619038544,0.74115867,1.197273864,8.29031105,0.194854968,0.835230794,1.349238753,0.457777039,5.751060627,1.615408296,3.303007777,0.619038544,2.184469547,2.432484491,0
26.98668673,3.881561508,5.551397786,4.149589504,2.079350215,0.699204355,0.747485528,1.06905159,6.95253358,0.205708757,0.935408552,1.337818543,0.439903256,5.560446113,1.430197042,3.181969764,0.699204355,2.273227095,2.669775272,0
18.48764106,3.839503051,5.48966132,3.493666376,1.903526054,0.699406179,0.636408363,0.909926709,4.815113002,0.296936819,1.098989611,1.571318131,0.374488672,4.067125968,1.429784336,2.485397936,0.699406179,2.670307742,2.883943358,0
43.26765344,5.002235414,5.643396087,3.341112922,1.733017219,0.886387441,0.592039416,0.667923967,8.649663571,0.130429909,1.497176399,1.689076729,0.31384826,8.553340596,1.12817483,5.372568362,0.886387441,3.186253129,3.256399316,0
25.34339862,3.568295079,6.039847718,3.799478139,1.577923147,0.590792226,0.629068532,1.064788101,7.102383089,0.238320353,0.939153996,1.58965192,0.395443554,4.786824942,1.692642448,2.938381564,0.590792226,2.528805916,3.827719829,0
24.60121226,4.302468174,5.634355466,3.507532508,1.800883146,0.763613194,0.622525953,0.815237293,5.717930096,0.229027554,1.226636721,1.60635873,0.352983271,5.129900058,1.309563543,3.161675194,0.763613194,2.832995451,3.128662444,0
30.93905642,4.323046571,4.42076239,3.0886374,1.626163881,0.977896161,0.698666232,0.714458507,7.156771482,0.142886141,1.399661408,1.431298601,0.353237063,7.976475521,1.022603462,4.69572855,0.977896161,2.830960009,2.718522064,0
27.47304757,3.690180314,5.845626095,3.707670813,1.644440072,0.631272041,0.634264107,1.004739741,7.444906545,0.212776762,0.995282618,1.576630286,0.388815655,5.331033388,1.584103105,3.262039083,0.631272041,2.571912904,3.554782078,0
24.42505282,4.10733796,5.782007854,3.667618225,1.545321576,0.710365337,0.634315677,0.892942889,5.946686894,0.236724477,1.11989245,1.576502106,0.370865606,4.93468558,1.407726345,3.019420085,0.710365337,2.696394556,3.741621125,0
253.0926084,4.255396633,4.441548939,3.258027735,1.853902463,0.958088426,0.73353413,0.765622577,59.47568,0.017549106,1.306126583,1.363263084,0.374617469,57.94104908,1.043744995,33.42365639,0.958088426,2.669389668,2.395783504,1
18.68120297,2.802662599,4.708052044,3.451527073,1.809151088,0.595291338,0.733111495,1.231517156,6.665519773,0.252020818,0.812006552,1.364048998,0.459547092,4.563217519,1.679849742,2.632962468,0.595291338,2.17605555,2.602354261,1
25.95285633,4.452991143,5.516004905,3.67900885,2.056136743,0.807285566,0.666969829,0.826188225,5.828185034,0.212539415,1.210377937,1.499318194,0.369045071,5.512295221,1.238719038,3.306775638,0.807285566,2.709696131,2.682703338,1
84.84862471,5.838147813,4.067323082,3.583285666,2.442377287,1.435378428,0.880993615,0.613770973,14.53348347,0.047936229,1.629272226,1.135082006,0.361748139,22.29642708,0.696680388,11.85353682,1.435378428,2.764354232,1.665313178,0
17.51411232,4.054809816,3.619368052,2.942277187,1.754199709,1.120308782,0.812925667,0.725626434,4.319342489,0.206654382,1.378119585,1.230124772,0.38339966,5.959306107,0.892611051,3.287121042,1.120308782,2.608244357,2.063258837,0
21.66773253,4.567295211,4.027062805,2.928990492,1.638089827,1.134150479,0.727326747,0.641296513,4.744105983,0.185855294,1.559341085,1.374897876,0.340803872,6.514680554,0.881717213,3.771539208,1.134150479,2.93423896,2.458389484,0
24.34537919,4.796784155,4.299161192,2.956827041,1.68020869,1.11574885,0.68776836,0.616418614,5.075354322,0.176590439,1.622274177,1.453977907,0.325070889,6.778569596,0.896259046,4.016291429,1.11574885,3.076252084,2.558706677,0
49.60437863,4.841735268,3.733525407,3.612813329,2.702752326,1.296826656,0.967668071,0.746181509,10.2451654,0.075266045,1.340156501,1.03341221,0.421306531,14.58303024,0.771113082,7.411326357,1.296826656,2.373568711,1.381379037,0
172.3580401,7.490420561,4.697168415,3.329665102,2.274329517,1.594667233,0.70886645,0.444523118,23.01046232,0.027252389,2.249601786,1.41070296,0.273201296,38.28869751,0.627090078,22.40590393,1.594667233,3.660304746,2.065298093,0
21.24513296,4.405729172,3.336514888,2.649236223,1.808806305,1.320458418,0.794013008,0.601316177,4.822160448,0.157048435,1.663018621,1.259425211,0.342179374,7.687920776,0.757312753,4.285320531,1.320458418,2.922443832,1.844594902,0
87.9241543,8.712521164,8.051964738,9.243915792,4.966870547,1.082036676,1.148032324,1.060992062,10.09170051,0.091578529,0.942514121,0.871055613,0.551398704,12.00162676,0.924183091,5.587265435,1.082036676,1.813569734,1.621134407,0
165.3339076,16.36835776,16.07627498,21.12549496,17.36330101,1.018168561,1.314078976,1.290630085,10.10082441,0.097235196,0.774815349,0.760989269,0.651124491,11.30251041,0.982155645,4.884237111,1.018168561,1.535804619,0.92587665,0
30.43665449,4.990387066,3.821649971,3.25034059,2.251325392,1.305820027,0.850507141,0.651320338,6.099056865,0.125560776,1.535342813,1.175769082,0.368852352,9.270090624,0.765802316,5.009486545,1.305820027,2.711111895,1.697511157,1
20.3754653,4.37793311,3.709470295,2.82118319,1.757628011,1.180204386,0.760535323,0.644409843,4.654128967,0.182055734,1.551807457,1.31486332,0.348836709,6.673027803,0.847310866,3.790340197,1.180204386,2.866670777,2.110497939,1
17.11636937,4.090135277,3.950334138,2.986755438,1.514006937,1.0353897,0.756076659,0.730233901,4.184792973,0.230792761,1.369424234,1.322617208,0.371465307,5.36828124,0.965819923,3.056974314,1.0353897,2.692041441,2.60919157,1
24.59822124,4.297271228,4.518814226,3.633865246,1.761213381,0.950973201,0.804163452,0.845621571,5.724149101,0.183704918,1.182562076,1.243528287,0.412185801,6.394485593,1.051554344,3.544293942,0.950973201,2.426090363,2.565739209,0
14.7084918,5.102577378,5.540988729,3.869608583,1.833546783,0.920878498,0.698360667,0.758363528,2.882561246,0.376720387,1.318628814,1.43192486,0.363563165,3.575367169,1.085919589,2.105187219,0.920878498,2.750553674,3.022005645,0
35.41517146,5.701028222,7.252102966,4.016725777,1.766209468,0.786120695,0.553870484,0.704561637,6.212067382,0.204773905,1.419322239,1.805476243,0.310096896,5.66955542,1.272069298,3.648666655,0.786120695,3.224798482,4.106026548,0
70.55362727,7.867453499,6.111045049,4.577173156,2.375954341,1.287415399,0.749000068,0.581785854,8.967784464,0.086615604,1.718845504,1.335113364,0.327443834,12.83267921,0.776750069,7.337151924,1.287415399,3.053958868,2.572038083,0
268.7314566,8.454604641,6.778825998,5.772886201,3.720535228,1.247207797,0.851605603,0.682809717,31.78521859,0.025225279,1.464536862,1.17425249,0.378961662,40.88998026,0.80179101,22.08352589,1.247207797,2.638789353,1.822002906,0
208.8233881,9.483821331,8.237553607,6.851003386,4.981111966,1.151291,0.831679369,0.722388492,22.01890786,0.039447467,1.384296693,1.202386445,0.386595476,26.50146146,0.86859013,14.46839546,1.151291,2.586683138,1.653757969,0
72.68424731,5.780471698,5.69091827,4.799567768,3.13070219,1.0157362,0.843373168,0.830307286,12.57410314,0.078296446,1.204373389,1.185714745,0.418394613,13.78770794,0.984507592,7.479607591,1.0157362,2.390088133,1.817776947,0
317.9710377,10.93395768,8.594167343,6.798275729,4.097106504,1.272253291,0.791033669,0.621758006,29.08105619,0.027028145,1.60834278,1.264168693,0.348127417,38.27072272,0.786007006,21.3679527,1.272253291,2.872511473,2.09761873,0
35.39459728,6.658122906,5.628039338,4.799536232,3.295944778,1.183027073,0.8527901,0.720854256,5.31600239,0.15900843,1.387242972,1.172621492,0.390645682,7.472001822,0.845289193,4.03283773,1.183027073,2.559864464,1.707564816,0
141.0566379,4.823769616,4.398211741,3.895319777,2.142080244,1.096757023,0.885659901,0.807526082,29.24199312,0.031180466,1.238350095,1.129101587,0.422395104,33.16811834,0.91177898,17.58966095,1.096757023,2.367451682,2.053243222,1
15.00282418,5.182636317,5.025176041,3.345271344,1.687884211,1.03133428,0.665702319,0.645476769,2.894824809,0.334948672,1.549242433,1.502172925,0.327716775,4.016866342,0.969617726,2.411515128,1.03133428,3.051415358,2.977204247,1
15.55514746,4.60911983,5.927430838,4.130527867,1.685605848,0.777591499,0.69684961,0.896164131,3.374862888,0.381059122,1.115867022,1.435029863,0.392018982,3.40185619,1.28602229,2.004807126,0.777591499,2.550896885,3.51649874,1
195.569877,3.551819982,3.807468795,4.128962962,2.506902772,0.932855966,1.084437768,1.162492182,55.06187756,0.019468585,0.860220839,0.922136825,0.561054619,52.29765697,1.07197685,25.08957464,0.932855966,1.782357663,1.518793963,0
11.54871975,2.93146006,3.411671453,3.982506583,2.604993508,0.859244537,1.167318318,1.358540284,3.939579428,0.295415555,0.736084172,0.85666436,0.627845501,4.244306641,1.163813043,1.958321768,0.859244537,1.592748532,1.30966601,0
16.25981652,3.63942958,4.550866453,4.172796627,2.544190371,0.799722342,0.916923551,1.146552375,4.467682684,0.279884244,0.872179956,1.090603463,0.509480562,4.372628004,1.250433991,2.281065409,0.799722342,1.96278342,1.788728746,0
12.40651622,3.322414029,5.104594604,4.398208284,2.842539714,0.650867363,0.861617547,1.323798974,3.734187282,0.411444641,0.755401703,1.160607746,0.521918094,3.081327993,1.536411344,1.65518852,0.650867363,1.91600945,1.795786556,0
34.51856683,5.701980146,3.945866404,4.475720958,2.854151955,1.445051495,1.134280916,0.784941519,6.053785867,0.11431142,1.273980259,0.88161582,0.463908804,10.19308381,0.692016861,4.775886688,1.445051495,2.15559608,1.382500465,0
24.3320428,4.532053699,4.329388922,4.362616125,2.241256557,1.046811405,1.007674802,0.962613512,5.368877868,0.177929529,1.038838524,0.992383652,0.492314436,6.667013987,0.955281912,3.320763891,1.046811405,2.031222176,1.931679311,0
37.5736142,4.753878815,4.898336966,4.600737037,2.728887363,0.970508735,0.939244701,0.967785932,7.903780401,0.130366404,1.033286357,1.064685272,0.476650869,8.641196658,1.030387428,4.455959918,0.970508735,2.09797163,1.794994191,0
20.31513775,4.362708747,3.655308068,4.790198726,2.598824044,1.193526965,1.310477431,1.097987284,4.656542283,0.179930263,0.91075736,0.763080673,0.597429369,6.751235746,0.837852876,2.922008956,1.193526965,1.673838033,1.406523876,0
23.23857938,4.576963937,4.276658195,4.259482518,2.914612954,1.07021972,0.995983856,0.930634931,5.077291344,0.184032687,1.074535209,1.004032339,0.481100555,6.504037042,0.934387566,3.258561949,1.07021972,2.078567548,1.467315991,0
389.1084119,4.691944497,3.990114578,4.086569486,3.163638093,1.175892172,1.024173468,0.870975667,82.9311626,0.010254506,1.148137701,0.976397096,0.470691279,98.69399706,0.850418111,48.75767745,1.175892172,2.124534797,1.261242424,1
18.79724114,3.31972222,3.348869848,4.12304521,2.61973682,0.991296279,1.231175112,1.241985003,5.662293377,0.178157519,0.805162702,0.812232143,0.618278216,6.604306635,1.008780141,2.960012686,0.991296279,1.617394845,1.278323007,1
15.56201704,3.390228047,4.593009019,4.209665409,2.514784514,0.738127888,0.916537588,1.241705676,4.590256711,0.295142269,0.805343826,1.091062726,0.52731309,4.12632438,1.35477878,2.153009889,0.738127888,1.896406552,1.826402617,1
16.7251976,3.251985629,3.373423308,2.45674758,1.28070773,0.964001648,0.728265431,0.755460774,5.143072421,0.201697067,1.323695464,1.373125727,0.370806935,5.921931939,1.037342625,3.426517612,0.964001648,2.696821191,2.634030567,0
44.01354909,4.416196006,4.185817507,2.971711871,1.474698356,1.055037874,0.709947786,0.672912132,9.966393937,0.095102931,1.486078125,1.408554291,0.345467008,11.56996095,0.947833271,6.76626564,1.055037874,2.894632416,2.838422848,0
40.30726127,5.445740173,11.7460448,3.533611596,1.832662812,0.46362331,0.300834167,0.648876275,7.401613002,0.291412625,1.541125849,3.324090516,0.205540705,3.895183633,2.156923471,2.994373713,0.46362331,4.865216366,6.409277647,0
32.61292318,7.487574592,10.78582005,3.493264593,1.736660674,0.694205406,0.32387566,0.466541542,4.355605781,0.330722272,2.143431851,3.087604665,0.191166702,3.717890486,1.44049584,2.808338122,0.694205406,5.231036516,6.210666377,0
38.38565582,12.7918327,6.693461116,3.466583333,2.000413312,1.911093899,0.517905949,0.27099974,3.000794077,0.17437402,3.690040444,1.930852506,0.177907676,7.645893153,0.523260527,5.037132344,1.911093899,5.62089295,3.346039079,0
30.84635857,8.162720658,3.913657633,2.639471228,1.362972888,2.085701261,0.674425685,0.3233568,3.778931053,0.126875839,3.09255906,1.482743055,0.218564802,9.967422522,0.479455049,5.952741059,2.085701261,4.575302115,2.87141268,0
51.14690233,6.469002045,4.87810738,2.776822445,1.414070603,1.326129489,0.569241763,0.429250513,7.906459447,0.095374444,2.329641946,1.756722829,0.244716283,11.81111851,0.754074175,7.526640438,1.326129489,4.086364775,3.44969153,0
35.52729799,5.667396064,4.682986003,2.84804547,1.51394653,1.210209909,0.608168692,0.502531575,6.268716284,0.131813739,1.989924713,1.644280631,0.275163318,8.796672472,0.826302935,5.469993614,1.210209909,3.634205344,3.093230779,0
39.55179092,11.48396038,6.398198184,2.990653023,1.421511373,1.794874127,0.46742113,0.260420005,3.44408981,0.161767597,3.83995077,2.139398364,0.167242283,7.976581818,0.557142133,5.43578231,1.794874127,5.979349134,4.50098276,0
20.02480885,3.529467053,3.482690571,2.420545448,1.342324754,1.013431134,0.695021679,0.685810467,5.673606964,0.173918792,1.45812881,1.43880404,0.345192675,6.763241071,0.986746871,3.990061694,1.013431134,2.89693285,2.594521602,1
38.39338937,3.553456907,3.840398652,2.832782024,1.387550654,0.925283344,0.737627075,0.797190482,10.80451807,0.100027601,1.254405343,1.35569861,0.383126503,10.92252396,1.080750028,6.285884994,0.925283344,2.610103953,2.767753841,1
45.18370864,5.422268717,11.61395939,3.560059299,1.862180716,0.466875123,0.306532783,0.656562684,8.332989566,0.257038648,1.52308382,3.262293803,0.208969924,4.357340649,2.141900374,3.33504119,0.466875123,4.785377623,6.236752046,1
46.59619522,5.084599348,4.591084829,3.012898978,1.971951226,1.107494097,0.656249904,0.592553861,9.164182273,0.098529178,1.6876103,1.523809747,0.311388727,11.25677187,0.90293935,6.796541902,1.107494097,3.211420047,2.328193907,0
101.7947867,5.584545816,4.553689356,3.257391925,1.754158787,1.226378301,0.715330289,0.583286812,18.2279437,0.044734013,1.714422441,1.397955623,0.321297728,23.58073293,0.815409078,13.74705097,1.226378301,3.112378064,2.595939084,0
28.22864209,4.714250746,5.918062857,3.320597363,1.42213532,0.796586799,0.561095318,0.704374362,5.987938192,0.209647451,1.419699599,1.782228379,0.312311834,5.566499315,1.255355978,3.565765171,0.796586799,3.201927979,4.161392221,0
19.58546023,5.177617802,6.659664678,3.866385219,1.811196245,0.777459234,0.580567552,0.746749831,3.782716488,0.340031054,1.33913656,1.722452446,0.326627773,3.718367099,1.286241073,2.352551838,0.777459234,3.061589006,3.676942626,0
31.67033799,4.575197606,4.001831549,2.962408315,1.598652412,1.14327591,0.740263122,0.647492976,6.922179262,0.126358978,1.544418297,1.350871022,0.345388626,9.057236705,0.874679499,5.204521427,1.14327591,2.89528932,2.503253064,0
46.01548538,4.725368103,4.167289442,2.830384132,1.539394019,1.133918862,0.679190676,0.598976433,9.737968424,0.090562762,1.669514767,1.47234059,0.318283271,12.17598494,0.881897315,7.251103234,1.133918862,3.141855357,2.707097332,0
33.41230265,4.662084466,4.62676904,2.694856982,1.602260597,1.007632848,0.582448996,0.578036928,7.166816236,0.138475013,1.729993279,1.716888529,0.290117287,8.229152306,0.992424971,5.200263848,1.007632848,3.446881807,2.887650766,0
36.75749584,7.512444639,6.156355064,3.642283422,1.772830274,1.22027475,0.59162985,0.484833313,4.892880761,0.167485704,2.062564542,1.690246022,0.266466954,7.190933599,0.819487578,4.517968546,1.22027475,3.752810564,3.472613907,0
36.43937957,5.30588363,4.196946596,3.023221948,1.591289129,1.264224719,0.720338436,0.569786705,6.867730639,0.115176127,1.755042706,1.388236348,0.31813911,9.946579555,0.790998614,5.781757441,1.264224719,3.143279054,2.63745068,0
284.4480516,5.886081585,4.46733681,2.979234091,1.537154007,1.31758178,0.666892652,0.506148963,48.32553669,0.015705282,1.975702951,1.499491706,0.287753665,64.99042843,0.758966172,38.9889705,1.31758178,3.475194657,2.906238925,1
105.4302133,5.718174192,4.713754694,3.967355515,2.244306227,1.213082683,0.841655065,0.693815085,18.43774074,0.044709714,1.441306223,1.188135189,0.380308911,23.57958669,0.824346117,12.80347614,1.213082683,2.629441411,2.100317076,1
37.23177205,4.251463893,4.86894978,3.296899835,1.379169372,0.873178834,0.677127509,0.775474029,8.757400506,0.130774054,1.289533837,1.476826723,0.361485778,8.5199556,1.145240769,5.08008816,0.873178834,2.76636056,3.530349411,1
182.8812781,3.883782276,3.422570519,2.876462435,1.712697517,1.134755954,0.840439202,0.740634317,47.08844759,0.018714712,1.350193984,1.189854064,0.39369334,54.56865223,0.881246753,29.64979891,1.134755954,2.540048049,1.998350838,0
21.60562203,4.846263257,3.69650543,3.216493619,2.048265757,1.311039128,0.870144432,0.663705921,4.458202307,0.171089979,1.506691395,1.149234498,0.37651653,7.155916795,0.762753741,3.826397936,1.311039128,2.655925893,1.804700107,0
27.71580879,3.933049274,6.56478022,3.665381412,2.085868388,0.599113625,0.558340308,0.931943934,7.046900981,0.236860496,1.073025923,1.791022402,0.34915612,4.821008015,1.669132463,3.093681136,0.599113625,2.864048325,3.147264831,0
13.51153656,4.34701481,9.345068376,4.076713449,1.870668571,0.465166721,0.436242228,0.937819084,3.108233385,0.691636243,1.066303743,2.292304449,0.297742381,1.911013451,2.149766859,1.330564868,0.465166721,3.358608192,4.995576726,0
99.45274506,7.374519479,5.596127941,4.963059106,2.803864789,1.31778965,0.886873774,0.673001016,13.48599666,0.056269215,1.485881857,1.127556175,0.382637732,19.08949646,0.758846452,10.11699708,1.31778965,2.613438032,1.995862269,0
53.09436549,7.279674309,5.419736941,4.146246931,2.576874661,1.343178532,0.765027339,0.569564895,7.293508368,0.102077441,1.755726186,1.307142829,0.326491272,11.1396624,0.744502667,6.311325694,1.343178532,3.062869015,2.103221015,0
132.5091412,9.077540423,5.261797237,5.034115497,3.007545302,1.725178682,0.956729283,0.554568227,14.59747189,0.039708938,1.80320464,1.045227755,0.351070295,26.90842601,0.579650103,13.75173676,1.725178682,2.848432395,1.749532163,0
21.42882062,3.98790028,3.693500791,3.361716511,2.200876615,1.079707439,0.910170784,0.842979081,5.373459495,0.172361366,1.186269058,1.098694902,0.437643664,6.881471627,0.926176818,3.602542602,1.079707439,2.28496396,1.6781953,0
26.07463062,3.338189089,4.027485002,2.885963207,1.769717848,0.828852022,0.71656709,0.864529579,7.81101068,0.154459906,1.156698423,1.39554274,0.391812504,7.303024021,1.206487977,4.254435533,0.828852022,2.552241163,2.275778033,0
23.0907596,3.658791557,3.303029689,3.018397052,1.759979636,1.107707741,0.9138268,0.824971034,6.311034462,0.143045519,1.212163772,1.094299269,0.433564285,8.098489472,0.902765199,4.231568641,1.107707741,2.306463042,1.876743129,1
20.99283675,4.628987602,3.9904608,3.292159543,2.093125392,1.1600133,0.825007363,0.71120509,4.535081655,0.190086783,1.406064178,1.212110394,0.381945502,6.420768336,0.862059082,3.518215031,1.1600133,2.618174572,1.906460461,1
23.00275876,3.843519661,9.057197952,3.960096721,1.919043865,0.424360788,0.437231994,1.030330809,5.984816206,0.393743987,0.970562067,2.287115338,0.306967166,2.96408211,2.356485396,2.062354667,0.424360788,3.257677406,4.719640921,1
135.8441802,5.882149404,4.97790244,4.385354045,2.127361751,1.181652207,0.880964241,0.745535984,23.09430973,0.036644208,1.34131688,1.135119853,0.403805995,28.47109427,0.846272697,15.13643569,1.181652207,2.476436733,2.339941685,0
19.18761863,3.701418497,4.206210039,4.278535916,2.135009813,0.879988984,1.017195023,1.155917905,5.1838555,0.219214803,0.86511334,0.983095648,0.541064353,5.441724717,1.136377862,2.697669118,0.879988984,1.848208988,1.970112742,0
42.40433893,6.376548152,8.764747955,5.012303514,2.550088944,0.727522136,0.57187081,0.786052798,6.650046063,0.206694602,1.272179176,1.748646691,0.331035301,5.565577851,1.374528624,3.540734909,0.727522136,3.020825867,3.437036178,0
38.61265202,5.13346823,7.819057617,3.935590706,1.831935622,0.656532856,0.503333125,0.766653367,7.521747538,0.202499886,1.304370453,1.986755789,0.303847354,5.594807251,1.523153016,3.721601791,0.656532856,3.291126242,4.268194539,0
33.73254374,4.144185701,4.087878502,3.41192455,1.828604589,1.013774186,0.834644315,0.823303973,8.139727844,0.121185006,1.214618213,1.198115152,0.41446768,9.265620155,0.986412964,5.050363213,1.013774186,2.412733365,2.235518015,0
22.66178905,4.788125853,4.856550787,3.537968515,1.950463454,0.985910796,0.728494083,0.738904662,4.732914244,0.21430571,1.353354569,1.372694745,0.366831222,5.652142046,1.014290546,3.269980557,0.985910796,2.726049313,2.489947083,0
21.0762571,3.981817916,5.440974588,4.34183759,2.311959057,0.731820715,0.797988948,1.090415906,5.293124283,0.258156586,0.917081266,1.253150187,0.460780346,4.605438715,1.366454897,2.561438834,0.731820715,2.170231454,2.353404387,0
63.60904773,6.369157744,4.788867695,3.534630834,2.340507116,1.329992422,0.738093232,0.554960479,9.987042288,0.075285952,1.801930115,1.354842392,0.316779241,14.61268298,0.751883983,8.407306763,1.329992422,3.156772507,2.046081237,0
110.977327,7.407630257,5.715054275,4.300513566,2.164379953,1.296160964,0.752488666,0.580551866,14.98148843,0.051497494,1.722498986,1.328923671,0.327715991,20.71458145,0.771509117,11.82009439,1.296160964,3.051422657,2.640504163,0
45.83320559,4.537216237,5.064527371,4.782752439,2.266611804,0.895881472,0.944363035,1.054116046,10.10161368,0.110499087,0.948662155,1.058914806,0.498112909,9.945730004,1.116219088,5.115161019,0.895881472,2.007576961,2.234404393,1
20.54183654,4.053970476,5.168762714,3.719284212,1.944603237,0.784321258,0.719569541,0.917442353,5.067090811,0.251621256,1.089986741,1.389719747,0.403273535,4.758548299,1.274987754,2.76729041,0.784321258,2.479706488,2.658003759,1
46.98108635,6.246253341,9.438005619,4.86608791,2.442743177,0.661819201,0.515584341,0.779041074,7.521482685,0.200889472,1.283629366,1.939546879,0.310252969,5.639680864,1.510986683,3.721126374,0.661819201,3.223176246,3.863691324,1
222.8084067,2.383256341,2.756650542,2.004663089,1.181539946,0.864547865,0.727209727,0.841144553,93.48906487,0.012372291,1.188856299,1.37511912,0.39001934,81.69031933,1.156673957,47.29612046,0.864547865,2.563975419,2.333099742,0
8.060563885,2.022456903,2.848147596,2.691339897,1.867534409,0.710095539,0.94494397,1.330727934,3.985530605,0.353343468,0.751468406,1.058263804,0.55256794,3.540203043,1.408261205,1.820208241,0.710095539,1.80973221,1.525084401,0
15.26781024,3.626307527,4.617019935,2.629461396,1.411771728,0.785421674,0.569514846,0.725107117,4.210291081,0.302402235,1.379106585,1.755880478,0.318980583,4.092275544,1.273201431,2.607350644,0.785421674,3.134987064,3.270372853,0
17.93184748,3.264672969,4.126257686,2.253002955,1.259164674,0.791194641,0.546016058,0.690115971,5.492693341,0.230107784,1.449031819,1.831447969,0.304833459,5.136984177,1.263911493,3.322723688,0.791194641,3.280479788,3.276980185,0
36.51316249,4.826620612,2.765936556,2.251970594,1.295942838,1.745022171,0.814180133,0.466572945,7.564953914,0.075751766,2.143287584,1.228229429,0.296602389,14.94603447,0.573058622,8.238451185,1.745022171,3.371517012,2.134304442,0
46.01245696,6.701657345,4.119232957,3.681645696,2.637749537,1.626918753,0.893769722,0.549363464,6.865832523,0.089524299,1.820288506,1.118856429,0.340235008,12.79707044,0.614658844,6.75745857,1.626918753,2.939144935,1.561646736,0
56.92642177,4.552603328,3.653486032,2.516589526,1.633599828,1.246098463,0.688818707,0.55278032,12.50414711,0.064179092,1.809036905,1.451760803,0.306673425,16.82749696,0.802504802,9.96406357,1.246098463,3.260797708,2.236463282,0
22.73851745,3.748842652,3.32868073,2.34420272,1.793653097,1.126224759,0.704243786,0.625313713,6.065476618,0.146389523,1.599197296,1.41996283,0.331217941,7.957314701,0.88792223,4.669117626,1.126224759,3.019160127,1.855810767,0
31.5516985,3.22455782,2.666310997,2.631029327,1.455879603,1.209370483,0.986767609,0.81593492,9.784814002,0.0845061,1.225587942,1.013409835,0.446628402,13.04283572,0.826876473,6.564852207,1.209370483,2.238997778,1.831408992,0
12.87141954,2.103476642,2.733309122,2.717755994,1.833131902,0.769571442,0.994309781,1.292030508,6.119116934,0.212354909,0.773975532,1.005722783,0.561892986,5.478669084,1.299424518,2.747150486,0.769571442,1.779698315,1.49105971,1
10.44766319,2.974559695,3.891535518,2.288409557,1.250703709,0.76436658,0.588047969,0.769327158,3.512339392,0.372479036,1.299837123,1.700541543,0.333291265,3.449081429,1.308272792,2.171900029,0.76436658,3.000378666,3.111476755,1
17.77809512,3.863024451,4.152960734,2.488152097,1.336251639,0.930185643,0.599127287,0.644094317,4.602118196,0.233599871,1.552567649,1.669094401,0.310398789,5.211009916,1.075054219,3.258658619,0.930185643,3.22166205,3.107918159,1
208.9859374,4.332945852,4.785119468,4.086551373,2.436725191,0.905504216,0.854012402,0.943134651,48.23183683,0.022896849,1.060293988,1.170943182,0.448181849,44.57963581,1.104357089,24.04495016,0.905504216,2.23123717,1.963750154,0
9.786801009,4.00507074,5.080281248,3.869432755,1.948356073,0.788356106,0.761657193,0.966133436,2.443602534,0.519095182,1.035053713,1.312926615,0.425897946,2.714785083,1.268462301,1.541040501,0.788356106,2.347980328,2.607470636,0
12.54050281,4.130152148,6.833509628,4.712996302,1.999298554,0.604396917,0.689688983,1.141119294,3.036329501,0.544915123,0.876332567,1.449928918,0.429874288,2.439545105,1.654541863,1.443783519,0.604396917,2.326261485,3.417953568,0
17.40352502,4.648399216,6.962256327,4.085674494,1.938179369,0.667657006,0.586831955,0.878942256,3.743982436,0.400048629,1.137731169,1.704065348,0.351890079,3.167353111,1.497775041,1.996023019,0.667657006,2.841796516,3.592163057,0
95.23910503,7.922996599,6.506577334,4.505138244,2.482498157,1.217690376,0.692397556,0.568615446,12.02059143,0.068318338,1.758657819,1.444256975,0.312215611,15.85504887,0.821226824,9.368395042,1.217690376,3.202914794,2.620979723,0
89.57729959,6.3857483,5.632221118,4.458033266,2.282730749,1.133788636,0.791523126,0.698122296,14.02769032,0.06287554,1.432413784,1.263386965,0.370947297,17.03822451,0.881998609,9.51046864,1.133788636,2.695800749,2.467317321,0
27.17401686,7.004632376,6.162649783,4.314956884,2.396009678,1.136626715,0.700178825,0.616014753,3.879435122,0.226784646,1.623337745,1.428206573,0.327702925,5.546096312,0.879796319,3.262066455,1.136626715,3.051544317,2.572047116,0
52.47125084,9.237689882,5.86796743,4.352150896,2.369652045,1.574257184,0.741679457,0.47112979,5.680126905,0.111832048,2.122557352,1.348291355,0.28811397,10.51623777,0.635220223,6.037986915,1.574257184,3.470848707,2.476299185,0
29.97048991,6.317610054,5.393369602,3.534328641,1.721690336,1.171366051,0.655309927,0.559440771,4.743960083,0.179956004,1.787499323,1.5259955,0.301796156,6.728279841,0.8537041,4.064664708,1.171366051,3.313494824,3.132601426,0
34.2729467,4.824328365,4.893814919,4.067959737,2.388040349,0.985801148,0.831245113,0.843217839,7.104190284,0.142789442,1.185933165,1.203014591,0.418594336,7.989120085,1.014403363,4.362671074,0.985801148,2.388947756,2.049301604,1
13.7107785,4.638274864,5.101740361,4.043501674,2.121165025,0.909155413,0.792573002,0.871768447,2.956008194,0.372097059,1.147093593,1.261713429,0.41514326,3.596626263,1.099921956,2.006404346,0.909155413,2.408807022,2.40515957,1
8.483236561,4.382736855,7.074263764,4.573776377,1.933390734,0.619532576,0.646537439,1.043589092,1.935602534,0.833910939,0.958231556,1.54670084,0.399212371,1.818701401,1.614120126,1.104561219,0.619532576,2.504932396,3.658993312,1
26.57206297,4.490452317,4.511476835,2.344505663,1.383472592,0.99533977,0.519675873,0.522109021,5.917457997,0.169782709,1.915308796,1.924276366,0.260444803,6.885221054,1.004682049,4.53071683,0.99533977,3.839585161,3.260980276,0
26.31138601,4.95597584,4.597691682,2.25767515,1.25392371,1.077926965,0.491045356,0.455546036,5.309022252,0.174741524,2.195167821,2.036471758,0.236315022,6.800665207,0.927706637,4.561004921,1.077926965,4.231639579,3.666643867,0
13.49905128,3.302336002,7.270944219,2.68455129,1.465769385,0.454182552,0.369216323,0.812924938,4.087727982,0.538626313,1.230125874,2.708439301,0.253899569,2.31075728,2.201757851,1.687649527,0.454182552,3.938565176,4.960496715,0
39.33723882,4.899142902,5.025510281,2.495334972,1.469317221,0.974854816,0.496533652,0.509341128,8.029412412,0.127754526,1.963320739,2.013962188,0.251427927,8.802366179,1.025793773,5.881836447,0.974854816,3.977282927,3.420303123,0
33.23824984,4.628965741,4.040576992,2.444414476,1.511263423,1.145619982,0.604966687,0.528069252,7.180491646,0.121564072,1.89369102,1.65298358,0.281954257,9.371734694,0.872889802,5.839208235,1.145619982,3.5466746,2.673641756,0
33.20860651,3.431785793,3.115282444,2.130189317,1.262229371,1.101597,0.683786897,0.620723275,9.676771368,0.09380949,1.611023849,1.462443934,0.325365376,11.7614993,0.907772988,6.985147183,1.101597,3.073467783,2.468079508,0
14.59112339,3.748759404,3.317877069,2.077450955,1.242636863,1.129866878,0.626138616,0.554170255,3.892253893,0.227390104,1.804499594,1.597090445,0.293980165,5.527595631,0.885060019,3.399215527,1.129866878,3.401590039,2.670029489,0
57.81431314,6.661854109,4.085145408,2.323675667,1.410503425,1.630750792,0.568811005,0.348803145,8.678411775,0.070659759,2.866946625,1.758053186,0.216216225,15.78307767,0.613214481,10.06053477,1.630750792,4.62499981,2.896232179,0
84.96307284,9.772397288,4.674122772,2.818402809,1.635801272,2.090744673,0.602980056,0.288404444,8.694189392,0.05501358,3.467352948,1.658429646,0.19509216,20.26807483,0.47829848,12.64399689,2.090744673,5.125782594,2.857390352,0
284.2915441,4.437175563,4.228810842,2.350908296,1.45881881,1.049272651,0.555926568,0.529820888,64.07038443,0.014874909,1.887430305,1.798798723,0.271279943,68.27657476,0.953041137,43.88161767,1.049272651,3.686229028,2.898791004,1
18.56204048,4.5253665,4.409713661,2.285982895,1.332634954,1.026226836,0.518397128,0.505148676,4.101776173,0.237566213,1.979615206,1.929023034,0.25584358,5.235579622,0.974443431,3.448096369,1.026226836,3.90863824,3.309018458,1
20.79569516,3.366314167,6.472617418,2.400736043,1.292568946,0.520085454,0.370906526,0.713164584,6.177585968,0.311247947,1.40220087,2.696097073,0.244003734,3.732958055,1.922760948,2.722985107,0.520085454,4.098297942,5.007560671,1
47.37302761,4.461316963,5.61357878,3.829809733,2.28046205,0.79473668,0.682240311,0.858448248,10.61861957,0.118497362,1.164892586,1.465759182,0.380133932,9.233743144,1.258278402,5.488956057,0.79473668,2.630651768,2.461597105,0
32.1095811,4.795112769,5.073212936,3.551997189,2.025890896,0.945182635,0.700147467,0.74075363,6.69631407,0.157996858,1.34997651,1.428270538,0.359939193,7.27442241,1.057996585,4.278700847,0.945182635,2.778247048,2.504188625,0
37.8359238,4.812528169,14.92900759,4.418792843,2.466415478,0.32236089,0.295987045,0.918185346,7.861964123,0.394572303,1.089104726,3.378526243,0.223832274,2.85675064,3.102113289,2.204304935,0.32236089,4.467630969,6.05291676,0
39.82133091,5.047983166,11.06827646,4.297403435,2.392820757,0.456076715,0.388263109,0.851310968,7.888562541,0.277948431,1.174658894,2.575573047,0.266650174,4.053866403,2.192613584,2.920099494,0.456076715,3.750231942,4.625618708,0
17.76249969,6.384850063,4.497794838,3.958660635,3.299541514,1.419551201,0.88013366,0.620008394,2.781976007,0.253218574,1.612881389,1.136191064,0.363759056,5.368708582,0.704447997,2.85549304,1.419551201,2.749072453,1.363157523,0
19.45341215,3.967905035,4.65730289,3.640250651,2.242067619,0.851974872,0.781622054,0.917423834,4.90269096,0.23940802,1.090008742,1.279390717,0.422047872,5.028944377,1.173743537,2.822677439,0.851974872,2.369399459,2.077235696,0
45.50713637,4.4104991,5.00932617,3.583845765,2.082290488,0.880457561,0.7154347,0.812571476,10.31791082,0.110077816,1.230660968,1.397751605,0.380457775,9.964940148,1.135773085,5.808988327,0.880457561,2.628412573,2.405680763,0
40.80474819,6.764214919,5.183102493,3.81780776,1.933319412,1.305051353,0.736587356,0.564412545,6.032444071,0.127022043,1.771753672,1.357612226,0.319553556,9.177700646,0.766253372,5.284905833,1.305051353,3.129365899,2.680934388,0
31.74063041,8.898966717,5.483319123,3.951472744,2.343024692,1.622916069,0.720635195,0.444037254,3.566777067,0.172753945,2.252063292,1.387664671,0.274745808,7.411495886,0.61617481,4.30741851,1.622916069,3.639727963,2.340273725,0
42.1319274,4.764223817,5.695918188,3.675655625,2.0910103,0.836427712,0.645313978,0.771511954,8.843398006,0.135192443,1.296156197,1.549633254,0.351396341,8.23329087,1.19556058,5.004084922,0.836427712,2.845789452,2.724002931,1
30.41786663,4.219004524,5.741398379,3.761385249,2.091044959,0.734839188,0.655133994,0.891533827,7.209726006,0.188750856,1.121662431,1.5264053,0.377633845,6.032828393,1.360841959,3.644918427,0.734839188,2.648067731,2.745707764,1
40.2935879,5.872979401,15.37275263,4.401495857,2.374826162,0.382038243,0.286318004,0.749448543,6.860842709,0.381518585,1.334314422,3.492620039,0.207170826,3.003142535,2.617539001,2.334681256,0.382038243,4.826934461,6.473211756,1
2532.44817,639.7829464,315.9329782,210.7731919,424.7448769,2.025059081,0.667145269,0.329444842,3.958292706,0.124753976,3.035409488,1.498923916,0.220539583,10.04083567,0.493812753,6.022771892,2.025059081,4.534333404,0.74381822,0
2532.30493,640.2107447,316.0429172,210.897297,424.882491,2.02570825,0.66730588,0.329418553,3.955423977,0.124804447,3.035651732,1.498563148,0.220545348,10.03824323,0.493654503,6.020636856,2.02570825,4.53421488,0.743836058,0
2531.784843,640.1636913,316.0163248,210.8154709,424.7860099,2.025729815,0.667103103,0.329314945,3.954902282,0.124819582,3.036606795,1.499018661,0.220476759,10.03729328,0.493649248,6.020799353,2.025729815,4.535625455,0.743942403,0
2531.599288,640.0446289,315.9313085,210.7590259,423.1875773,2.025898072,0.667103956,0.329288016,3.95534807,0.124795148,3.03685513,1.499016743,0.220464781,10.0390301,0.493608249,6.021838089,2.025898072,4.535871873,0.746551471,0
2532.380953,640.2189414,316.0218266,210.8304333,423.7281277,2.025869378,0.667138835,0.329309896,3.955492081,0.124792372,3.03665335,1.498938373,0.220478399,10.03917966,0.49361524,6.021801813,2.025869378,4.535591723,0.745812718,0
2532.880367,640.3395975,316.0418594,210.8917175,422.6089598,2.026122738,0.667290459,0.329343552,3.955526687,0.124775676,3.036343035,1.498597779,0.220510044,10.0405053,0.493553515,6.022049275,2.026122738,4.534940814,0.747835208,0
2533.339264,640.4231922,316.0385986,210.8534164,421.7390214,2.026408151,0.667176153,0.329240757,3.955726923,0.124751786,3.03729104,1.498854531,0.220451479,10.04232543,0.493484,6.023553908,2.026408151,4.536145571,0.749370067,0
2533.413304,640.4622205,316.0758108,210.861985,421.4764674,2.026293056,0.667124714,0.329234072,3.955601475,0.124762829,3.037352705,1.498970101,0.220442866,10.04150086,0.49351203,6.023245154,2.026293056,4.536322806,0.749925169,0
2534.374577,640.6961845,316.1569738,210.9135709,420.8684716,2.026512896,0.667116617,0.329194361,3.955657358,0.124747532,3.037719109,1.498988294,0.220424178,10.04270354,0.493458493,6.023995825,2.026512896,4.536707403,0.751201373,0
2502.107331,621.8598455,228.2586094,150.503038,424.7838907,2.724365347,0.659353172,0.242020833,4.023587226,0.091226546,4.1318757,1.516637886,0.177037726,13.68608696,0.367057965,8.247844516,2.724365347,5.648513585,0.53735232,1
2501.494827,622.0926466,228.3485368,150.5732225,424.7398311,2.724311946,0.659400864,0.242043084,4.021096924,0.091284833,4.131495867,1.516528191,0.17705307,13.67903433,0.36706516,8.243357361,2.724311946,5.648024059,0.537619785,1
2501.063709,621.9876091,228.3219139,150.4974338,424.7346813,2.724169566,0.659145814,0.241962109,4.021082852,0.091289923,4.132878503,1.517114997,0.176991354,13.67828109,0.367084345,8.244170571,2.724169566,5.6499935,0.537563623,1
57.07830411,4.442436722,4.502179629,3.250494193,2.321268719,0.986730226,0.721982342,0.731691726,12.84842254,0.078877249,1.366695788,1.385075426,0.363402304,13.6646571,1.013448229,7.935422312,0.986730226,2.751771214,1.939534011,0
22.48225597,4.006702182,4.031135407,2.914715318,1.659879474,0.993938873,0.72305071,0.727459937,5.611162234,0.179302976,1.374646147,1.383028861,0.362624311,6.571091137,1.006098089,3.813637694,0.993938873,2.757675008,2.428571152,0
27.84012556,5.659048486,8.369420505,3.912997006,2.606594824,0.676157744,0.467534999,0.69145847,4.919577139,0.300624381,1.446218456,2.138877309,0.278932577,4.002567923,1.478944831,2.727408836,0.676157744,3.585095765,3.210863625,0
21.50714924,5.089470994,5.229003088,3.615029341,2.212645832,0.973315737,0.691341979,0.710295696,4.225812321,0.2431286,1.407864367,1.446462143,0.350345343,5.08636537,1.027415835,3.007295647,0.973315737,2.85432651,2.363235459,0
24.16262803,4.916656485,3.786254666,2.753043547,1.745685845,1.298554091,0.72711526,0.55994222,4.914442997,0.156698794,1.785898552,1.375297775,0.316335936,7.680224149,0.770087289,4.446850958,1.298554091,3.161196328,2.168920987,0
63.15347718,6.274098419,4.395709602,3.513926664,2.116734263,1.427323228,0.799399183,0.560068783,10.06574538,0.069603604,1.78549498,1.250939483,0.329333635,15.79439542,0.700612153,8.777593971,1.427323228,3.036434463,2.07664688,0
77.16048866,5.165225419,4.137045232,3.157872297,2.040772151,1.248530081,0.763315874,0.611371633,14.93845523,0.05361611,1.635666339,1.310073633,0.339473277,19.8996408,0.800941856,11.28535227,1.248530081,2.945739972,2.027196045,0
46.98085602,5.094615822,4.43174714,4.118368646,2.814458317,1.149572767,0.929287822,0.808376684,9.221668063,0.094330915,1.237047059,1.076092871,0.4323128,11.75055124,0.869888387,6.090615981,1.149572767,2.31313993,1.574635912,0
101.943246,6.624771744,6.572970261,5.384236959,4.009061163,1.007880985,0.819148231,0.812743015,15.38818996,0.064476761,1.230401224,1.220780272,0.407966526,16.51734504,0.992180639,9.079713663,1.007880985,2.451181496,1.639528556,0
66.0867608,4.816160923,4.109581496,3.154096246,2.519402496,1.171934643,0.767498162,0.654898434,13.72187555,0.062184641,1.526954331,1.302934716,0.353370745,17.25307596,0.853289905,9.761297823,1.171934643,2.829889047,1.631173067,1
21.25284781,3.993596902,4.002064184,2.758304594,1.963883025,0.997884271,0.689220479,0.690681774,5.321730843,0.188307196,1.447844778,1.450914519,0.344975176,6.308355775,1.002120215,3.734477443,0.997884271,2.898759297,2.037832261,1
27.42331322,4.972496251,8.671704689,3.864909982,2.711457183,0.573416235,0.445692066,0.777257495,5.514999275,0.316216521,1.28657492,2.243701595,0.28326393,3.735806353,1.743933882,2.584095493,0.573416235,3.530276515,3.198171354,1
71.4864375,3.439463759,4.288211818,2.357602589,1.274715614,0.802074129,0.549786878,0.685456442,20.78418106,0.059986369,1.458881906,1.818886626,0.305085606,17.47252805,1.246767554,11.27414891,0.802074129,3.277768532,3.364053731,0
82.82817561,3.974975895,4.179815258,2.436406976,1.191653901,0.950993202,0.582898244,0.612936289,20.83740325,0.050463689,1.631490935,1.715565298,0.298770003,20.76722203,1.051532228,13.11974544,0.950993202,3.347056233,3.507574854,0
59.8810792,4.206863262,8.199232364,2.862019794,1.326425604,0.513080137,0.349059481,0.680321564,14.23413966,0.13692526,1.46989314,2.86484125,0.230694642,7.816334459,1.94901328,5.793913885,0.513080137,4.33473439,6.181449108,0
79.12560211,4.525464994,7.284806709,2.493384855,1.337380008,0.621219639,0.34227193,0.550967659,17.48452418,0.092066367,1.814988562,2.921653548,0.211120025,11.48294944,1.609736617,8.554860738,0.621219639,4.736642111,5.447073132,0
157.3249697,9.361901671,4.769014071,2.654073105,1.684628204,1.963068578,0.556524486,0.283497221,16.80480902,0.030313142,3.52737144,1.79686613,0.187820319,34.95206113,0.509406554,22.45519518,1.963068578,5.324237571,2.830900053,0
93.31322247,5.507078045,3.680784375,2.429005481,1.420333888,1.496169698,0.659915179,0.44106974,16.94423462,0.039445475,2.267215158,1.515346262,0.26437112,26.84762008,0.668373381,16.17409155,1.496169698,3.782561419,2.591492329,0
57.12213489,4.352319743,4.177578093,2.397567795,1.224400412,1.041828458,0.57391334,0.550871245,13.12452629,0.073134138,1.815306225,1.742423343,0.281078137,14.71533345,0.959850916,9.349519492,1.041828458,3.557729569,3.411937835,0
623.7293109,18.8176903,7.314042226,3.877362278,1.993284839,2.572816743,0.530125772,0.206048788,33.1459016,0.011726308,4.853219521,1.886344814,0.148377543,87.85114734,0.388679063,57.41433088,2.572816743,6.739564335,3.669341221,0
415.4508028,11.34335505,6.206697103,3.458499787,1.840730011,1.827599263,0.557220649,0.304892139,36.62503738,0.014939668,3.279848417,1.794621219,0.197064929,68.76349058,0.547165902,44.15783379,1.827599263,5.074469636,3.371867175,0
68.44328278,3.769547709,4.217847572,2.392456691,1.231552243,0.893713593,0.567222179,0.63468004,18.15689522,0.061625442,1.575597052,1.762977607,0.299529021,17.12077766,1.118926698,10.92428239,0.893713593,3.338574658,3.424822291,1
76.87074805,3.708066431,5.195076504,2.386125331,1.282658664,0.71376551,0.459305138,0.643495842,20.73068255,0.067581969,1.554011595,2.177201858,0.268009325,15.51061172,1.401020343,10.62876523,0.71376551,3.731213453,4.050240839,1
64.55131979,4.672751378,8.011225386,2.940798097,1.346951175,0.583275486,0.367084679,0.629350432,13.81441352,0.124106299,1.588939881,2.724167087,0.231851426,8.640884239,1.714455732,6.320664969,0.583275486,4.313106968,5.947673185,1
22.1269643,6.536090637,6.082516966,3.641677737,2.635172683,1.074570063,0.598712302,0.55716451,3.385351508,0.274891616,1.794802042,1.670251298,0.288595846,4.712367445,0.930604746,2.947601915,1.074570063,3.465053339,2.308204318,0
13.66282386,6.24214345,7.230075676,3.735367661,2.508091019,0.863357969,0.516642955,0.598411057,2.188803248,0.529178723,1.671092116,1.935572702,0.277264467,2.753078695,1.158268107,1.815245102,0.863357969,3.606664818,2.882700675,0
17.59033448,7.124381582,11.51376856,4.236896516,2.487823364,0.618770609,0.367985208,0.59470376,2.469033176,0.65455086,1.681509462,2.717500537,0.227323875,2.146535771,1.616107788,1.569122062,0.618770609,4.399009999,4.628049052,0
16.16724281,8.548170019,11.04886618,4.413427878,2.923222912,0.773669432,0.399446224,0.5163009,1.891310394,0.683410666,1.936855038,2.503465896,0.225208947,2.23691847,1.292541696,1.598431173,0.773669432,4.440320934,3.779686499,0
45.11592366,9.51761441,6.402020938,4.892641421,3.402171153,1.486657807,0.764233899,0.51406174,4.740255459,0.141901582,1.945291631,1.308499926,0.307333762,8.533795593,0.672649748,4.837111224,1.486657807,3.253791557,1.8817457,0
18.52414823,5.415212976,5.837079293,3.719885602,2.824093678,0.927726471,0.637285433,0.686932466,3.420760793,0.315106488,1.45574718,1.569155592,0.330589138,4.101256811,1.07790392,2.50491254,0.927726471,3.024902772,2.066885861,0
33.31671556,9.097968002,7.767266352,5.262747064,3.566287782,1.171321748,0.677554602,0.57845302,3.661995245,0.233134216,1.728748863,1.475895812,0.312047076,5.460696421,0.853736389,3.255152717,1.171321748,3.204644675,2.177969594,0
215.7070357,7.523770332,7.394677973,6.08290318,4.382051391,1.017457469,0.822605555,0.808491343,28.67007181,0.034281116,1.236871624,1.215649461,0.407743691,30.18803617,0.982842065,16.5631209,1.017457469,2.452521085,1.687492298,0
15.34385908,6.314072988,6.18137232,4.394293756,3.105874366,1.021467833,0.71089291,0.695952322,2.430104801,0.402856432,1.43688004,1.406681634,0.351671641,3.503741718,0.978983349,2.047902413,1.021467833,2.843561673,1.990219691,0
76.65010045,5.156904243,5.744006732,3.752309873,2.620320812,0.897788684,0.653256524,0.727628379,14.86358808,0.07493802,1.374327925,1.530792213,0.344219844,14.24214986,1.113847856,8.614603756,0.897788684,2.905120138,2.192100565,1
12.4601134,5.79572434,8.604459761,3.983425511,2.495952402,0.673572136,0.462948938,0.687304171,2.149880268,0.690560309,1.454959889,2.160065436,0.276623235,2.12167158,1.484621983,1.450270426,0.673572136,3.615025325,3.447365324,1
19.92689173,6.935354192,10.67417038,3.924933146,2.701508379,0.649732386,0.367703813,0.565931175,2.873233461,0.535666602,1.766999318,2.719580176,0.222886946,2.51656522,1.539095204,1.839992838,0.649732386,4.486579494,3.951189068,1